room_name,used_slots,utilization_percent
2104-BL-2-FF,83,98.80952380952381
9101_BL9_FF,67,79.76190476190477
3203_BL3_SF,65,77.38095238095238
0000,64,76.19047619047619
2213_A_BL2_SF,63,75.0
1102_BL1_FF,60,71.42857142857143
2218_BL2_SF,58,69.04761904761905
1101_BL1_FF,56,66.66666666666666
2103_BL2_FF,55,65.47619047619048
2202_BL2_SF,55,65.47619047619048
9104_BL9_FF,55,65.47619047619048
3014_BL3_GF,53,63.095238095238095
2001_BL2_GF,52,61.904761904761905
9105_BL9_FF,52,61.904761904761905
2003_BL2_GF,51,60.71428571428571
3112_BL3_FF,50,59.523809523809526
3003_A_BL3_GF,50,59.523809523809526
8008_BL8_GF,47,55.952380952380956
2201_BL2_SF,47,55.952380952380956
2216_BL2_SF,46,54.761904761904766
2102_BL2_FF,46,54.761904761904766
2002_BL2_GF,46,54.761904761904766
3104_BL3_FF,45,53.57142857142857
8206_BL8_SF,45,53.57142857142857
2101_BL2_FF,44,52.38095238095239
3016_BL3_GF,44,52.38095238095239
8004_BL8_GF,44,52.38095238095239
8209_BL8_SF,43,51.19047619047619
8105_BL8_FF,42,50.0
1106_A_BL1_FF,42,50.0
9103_BL9_FF,42,50.0
2217_BL2_SF,42,50.0
2207_BL2_SF,42,50.0
1103_BL1_FF,42,50.0
2203_BL2_SF,42,50.0
3106_BL3_FF,41,48.80952380952381
8104_BL8_FF,41,48.80952380952381
2117_BL2_FF,41,48.80952380952381
1209_A_BL1_SF,40,47.61904761904761
2114_A_BL2_FF,40,47.61904761904761
3001_A_BL3_GF,40,47.61904761904761
1105_A_BL1_FF,40,47.61904761904761
8001_A_BL8_GF,40,47.61904761904761
8106_BL8_FF,40,47.61904761904761
1114_A_BL1_FF,40,47.61904761904761
3107_A_BL3_FF,40,47.61904761904761
8108_BL8_FF,40,47.61904761904761
8001_B_BL8_GF,40,47.61904761904761
8003_A_BL8_GF,40,47.61904761904761
8003_B_BL8_GF,40,47.61904761904761
3001_B_BL3_GF,40,47.61904761904761
2116_BL2_FF,39,46.42857142857143
0001,39,46.42857142857143
3115_BL3_FF,39,46.42857142857143
3113_BL3_FF,39,46.42857142857143
9106_BL9_FF,39,46.42857142857143
8102_A_BL8_FF,39,46.42857142857143
3114_BL3_FF,39,46.42857142857143
3204_BL3_SF,38,45.23809523809524
3215_BL3_SF,38,45.23809523809524
2206_BL2_SF,38,45.23809523809524
2212-BL-2-SF,38,45.23809523809524
2208_BL2_SF,38,45.23809523809524
1201_A_BL1_SF,38,45.23809523809524
2007_BL2_GF,38,45.23809523809524
1105_B_BL1_FF,38,45.23809523809524
2008_BL2_GF,38,45.23809523809524
8102_B_BL8_FF,38,45.23809523809524
3002_A_BL3_GF,38,45.23809523809524
2006_BL2_GF,37,44.047619047619044
3105_BL3_FF,37,44.047619047619044
2112_BL2_FF ,37,44.047619047619044
2114_B_BL2_FF,36,42.857142857142854
1209_B_BL1_SF,36,42.857142857142854
1210_A_BL1_SF,36,42.857142857142854
1109_BL1_FF,36,42.857142857142854
1108_BL1_FF,36,42.857142857142854
3220_BL3_SF,36,42.857142857142854
3221_BL3_SF,36,42.857142857142854
3219_BL3_SF,36,42.857142857142854
8101_A_BL8_FF,36,42.857142857142854
3212_A_BL3_SF,36,42.857142857142854
9102_BL9_FF,36,42.857142857142854
2106_BL2_FF,35,41.66666666666667
1205_BL1_SF,35,41.66666666666667
2015_A_BL2_GF,35,41.66666666666667
3103_A_BL3_FF,35,41.66666666666667
8101_B_BL8_FF,35,41.66666666666667
8208_BL8_SF,35,41.66666666666667
3011_BL3_GF,35,41.66666666666667
1201_B_BL1_SF,34,40.476190476190474
1111_BL1_FF,34,40.476190476190474
1107_BL1_FF,34,40.476190476190474
3111_A_BL3_FF,34,40.476190476190474
3201_A_BL3_SF,34,40.476190476190474
1114_B_BL1_FF,34,40.476190476190474
1106_B_BL1_FF,34,40.476190476190474
1115_BL1_FF,34,40.476190476190474
3007_A_BL3_GF,34,40.476190476190474
3111_B_BL3_FF,34,40.476190476190474
2113_BL2_FF,33,39.285714285714285
8103_A_BL8_FF,33,39.285714285714285
8103_B_BL8_FF,33,39.285714285714285
3102_A_BL3_FF,33,39.285714285714285
3101_A_BL3_FF,33,39.285714285714285
1202_BL1_SF,32,38.095238095238095
8207_B_BL8_SF,32,38.095238095238095
8002_A_BL8_GF,32,38.095238095238095
8207_A_BL8_SF,32,38.095238095238095
3007_B_BL3_GF,32,38.095238095238095
3002_B_BL3_GF,32,38.095238095238095
3018_BL3_GF ,32,38.095238095238095
8002_B_BL8_GF,32,38.095238095238095
3103_B_BL3_FF,32,38.095238095238095
2107_BL2_FF,32,38.095238095238095
2118_BL2_FF,32,38.095238095238095
2211_A_BL2_SF,32,38.095238095238095
2204-BL-2-SF,31,36.904761904761905
2111_BL2_FF,31,36.904761904761905
1216_BL1_SF,31,36.904761904761905
1207_BL1_SF,31,36.904761904761905
2214_A_BL2_SF ,31,36.904761904761905
3107_B_BL3_FF,31,36.904761904761905
1213_BL1_SF,30,35.714285714285715
2017_BL2_GF,30,35.714285714285715
3003_B_BL3_GF,30,35.714285714285715
3201_B_BL3_SF,30,35.714285714285715
2015_B_BL2_GF,29,34.523809523809526
2108_BL2_FF,29,34.523809523809526
1206_BL1_SF,29,34.523809523809526
3102_B_BL3_FF,28,33.33333333333333
5020_BL5_GF,28,33.33333333333333
8006_BL8_GF,28,33.33333333333333
1210_B_BL1_SF,28,33.33333333333333
1215_BL1_SF,28,33.33333333333333
1104_A_BL1_FF,28,33.33333333333333
3205_BL3_SF,27,32.142857142857146
5018_BL5_GF,27,32.142857142857146
3206_BL3_SF,27,32.142857142857146
3207_BL3_SF,27,32.142857142857146
8005_BL8_GF,27,32.142857142857146
3101_B_BL3_FF,26,30.952380952380953
4101_BL4_GF,26,30.952380952380953
3118_BL3_FF,26,30.952380952380953
5019_BL5_GF,25,29.761904761904763
3202_BL3_SF,25,29.761904761904763
2014_BL2_GF,25,29.761904761904763
2115_BL2_FF,24,28.57142857142857
7204_Srix_SF,24,28.57142857142857
3117_BL3_FF,24,28.57142857142857
3212_B_BL3_SF,24,28.57142857142857
6103-BL6-FF,24,28.57142857142857
6104-BL6-FF,24,28.57142857142857
3209_BL3_SF,23,27.380952380952383
6102-BL6-FF,22,26.190476190476193
6105-BL6-FF,22,26.190476190476193
5022_BL5_GF,21,25.0
4407_BL4_GF,20,23.809523809523807
3213_A_BL3_SF,20,23.809523809523807
7105_Srix_FF,19,22.61904761904762
3208_BL3_SF,18,21.428571428571427
5017_BL5_GF,18,21.428571428571427
2012_BL2_GF,18,21.428571428571427
3213_B_BL3_SF,18,21.428571428571427
3216_BL3_SF,17,20.238095238095237
3218_BL3_SF,17,20.238095238095237
3217_BL3_SF,17,20.238095238095237
4610_BL4_GF,16,19.047619047619047
5016_BL5_GF,16,19.047619047619047
6101-BL6-FF,16,19.047619047619047
6206-BL6-SF,16,19.047619047619047
5012_BL5_GF,14,16.666666666666664
2213_B_BL2_SF,12,14.285714285714285
5015_BL5_GF,11,13.095238095238097
Field instructional classroom-4,10,11.904761904761903
Field instructional classroom-5,10,11.904761904761903
5024_BL5_GF,10,11.904761904761903
Field instructional classroom-3,10,11.904761904761903
7004_Srix_GF,10,11.904761904761903
6201-BL6-SF,10,11.904761904761903
Field instructional classroom-2,10,11.904761904761903
5023_BL5_GF,10,11.904761904761903
Field instructional classroom-1,10,11.904761904761903
6202-BL6-SF,9,10.714285714285714
1009,8,9.523809523809524
1013_A,8,9.523809523809524
1011,8,9.523809523809524
1203_BL1_SF,8,9.523809523809524
RAWEP- agriculture- 01,8,9.523809523809524
2013-BL-2-GF,7,8.333333333333332
5007_A_BL5_GF,6,7.142857142857142
7201-SRiX-SF,6,7.142857142857142
3112A_BL3_FF,6,7.142857142857142
7205-SRiX-SF,6,7.142857142857142
2011-BL-2-GF,5,5.952380952380952
2015-BL-2-GF,4,4.761904761904762
2004-BL-2-GF,4,4.761904761904762
6205-BL6-SF,4,4.761904761904762
7005_Srix_GF,4,4.761904761904762
3013_A,4,4.761904761904762
2204,4,4.761904761904762
4814_BL4_GF,4,4.761904761904762
7202-SRiX-SF,3,3.571428571428571
1013_B,2,2.380952380952381
3013_B,2,2.380952380952381
7003_B_BL7_GF,2,2.380952380952381
8205,2,2.380952380952381
4712_BL4_GF,2,2.380952380952381
7003_A_BL7_GF,2,2.380952380952381
8202,2,2.380952380952381
8204,2,2.380952380952381
2005_BL2_GF,1,1.1904761904761905
1104_B_BL1_FF,1,1.1904761904761905
